result_type,disease,samples_per_seed,auroc_mean,auroc_sd,accuracy_mean,accuracy_sd,precision_mean,precision_sd,sensitivity_mean,sensitivity_sd,specificity_mean,specificity_sd,f1_mean,f1_sd
SIMULATED,Atelectasis,2000,0.9127720207669359,0.00761729512047417,0.8283333333333334,0.0029297326385411917,0.46412521381471167,0.01375410035428094,0.8211276054986285,0.025034572826332816,0.8294682173809083,0.00719188853249401,0.5930080287808559,0.016789835575786824
SIMULATED,Cardiomegaly,2000,0.9205684771626206,0.007547529228907298,0.841,0.005766281297335393,0.4762442526417682,0.022061346735848555,0.8493137273368585,0.017525377310746545,0.839708982220767,0.00905792367826568,0.609861517386952,0.013468512574223653
SIMULATED,Effusion,2000,0.9230618241609997,0.01210963369894943,0.8456666666666667,0.013041600106326403,0.4947542858355666,0.019686962137675627,0.85039013985198,0.015846479150488715,0.8448253274978698,0.012751660673338293,0.6255136611448255,0.019925891762096713
SIMULATED,Infiltration,2000,0.9230832058036786,0.012110281407455755,0.8351666666666666,0.004536885862938758,0.47069462259190326,0.01846647882404694,0.8466532925069511,0.012413885101840232,0.8331175896639951,0.003669089497440414,0.604958463378709,0.01819948975412902
SIMULATED,Mass,2000,0.926657362999266,0.002274213458857953,0.8481666666666666,0.004010403138505327,0.5056411047911652,0.018775922485808377,0.8501787286228049,0.007765158721566128,0.8477754917601557,0.003502265997552339,0.6340540842640119,0.01694842010394755
SIMULATED,Nodule,2000,0.9169682186156608,0.006338406563413041,0.8376666666666667,0.010054020754570434,0.4789878855989254,0.029134554592037367,0.8180600278374132,0.02460163462302157,0.8412034322355252,0.014691242028944925,0.6036729353805942,0.02234767133993689
SIMULATED,Pneumonia,2000,0.9279715982121537,0.004049899484636512,0.8505,0.004330127018922229,0.5019587319724816,0.017615773548147032,0.8526089821811298,0.0120475986438763,0.8500641851981205,0.003963243343476441,0.6318456708743636,0.01704506300306802
SIMULATED,Pneumothorax,2000,0.9226682590133337,0.00544385684578851,0.8411666666666666,0.009305016568138555,0.49518617923265146,0.00915395131906956,0.8547541642975058,0.00757771167796599,0.8385799036238814,0.011063204075523829,0.6270664291069116,0.00900074914245897
SIMULATED,Consolidation,2000,0.9212019389920038,0.003979003283981431,0.8473333333333334,0.014373007108233625,0.5039374572435737,0.024647493862486478,0.843370834803633,0.020310072744919767,0.8480560782430564,0.017440895121798076,0.6305806214299523,0.019526590924126452
SIMULATED,Edema,2000,0.9174034364606123,0.00960295721768657,0.8378333333333333,0.0072858309981314396,0.4803150778760535,0.03252205349093711,0.8514248853871496,0.017714902185170953,0.8354212369314835,0.0072362715824179765,0.6137863343569908,0.02899867924873015
SIMULATED,Emphysema,2000,0.9246250951735707,0.008734397078185876,0.8446666666666667,0.008808140174482532,0.4899379603063141,0.03218247974693752,0.8492212698929763,0.028661210099155027,0.8436861376249306,0.006640835737241926,0.6212706575306061,0.033483119579310466
SIMULATED,Fibrosis,2000,0.9201915645585114,0.00692867400013318,0.8351666666666666,0.0002886751345948452,0.46669125726465177,0.016268787046831594,0.8451503842353492,0.015106659768488854,0.8335042174981433,0.002828148102319066,0.6011261301150025,0.01203976546679112
SIMULATED,Pleural Thickening,2000,0.917883618003022,0.010403888580654441,0.8366666666666667,0.008251262529657709,0.46583833687021226,0.016353106618451317,0.8439773264052906,0.02632111904386409,0.8354148120757267,0.005370206845280921,0.6003201557613754,0.02018414060797302
SIMULATED,Hernia,2000,0.9261592059744638,0.013636843517336536,0.8486666666666667,0.010598742063723106,0.4988935160097265,0.013396020211044761,0.8433401232432709,0.019411772117919644,0.8496523050805926,0.008990395870013507,0.6269003710825745,0.015395235421848846
