result_type,seed,disease,auroc,accuracy,precision,sensitivity,specificity,f1,tp,tn,fp,fn,positive_count,negative_count
SIMULATED,42,Atelectasis,0.9039858113286914,0.8305,0.4507874015748031,0.7923875432525952,0.836937463471654,0.5746549560853199,229,1432,279,60,289,1711
SIMULATED,42,Cardiomegaly,0.9193961511435501,0.843,0.5,0.8312101910828026,0.8451957295373665,0.6244019138755981,261,1425,261,53,314,1686
SIMULATED,42,Effusion,0.9145217685864054,0.8345,0.4797047970479705,0.8414239482200647,0.8332347723240686,0.6110458284371327,260,1409,282,49,309,1691
SIMULATED,42,Infiltration,0.9336161769672408,0.8385,0.48623853211009177,0.8603896103896104,0.83451536643026,0.6213364595545134,265,1412,280,43,308,1692
SIMULATED,42,Mass,0.9256892871102559,0.8485,0.5123339658444023,0.8544303797468354,0.8473871733966746,0.6405693950177936,270,1427,257,46,316,1684
SIMULATED,42,Nodule,0.9235350924020945,0.8265,0.45054945054945056,0.8395904436860068,0.8242530755711776,0.5864123957091776,246,1407,300,47,293,1707
SIMULATED,42,Pneumonia,0.9244783804293722,0.848,0.4819277108433735,0.8391608391608392,0.8494749124854143,0.6122448979591837,240,1456,258,46,286,1714
SIMULATED,42,Pneumothorax,0.9276618207915918,0.851,0.4990138067061144,0.8518518518518519,0.8508514386376982,0.6293532338308457,253,1449,254,44,297,1703
SIMULATED,42,Consolidation,0.9253973717937498,0.8635,0.53099173553719,0.8481848184818482,0.8662345315262228,0.6531130876747141,257,1470,227,46,303,1697
SIMULATED,42,Edema,0.9067296511627907,0.8295,0.4427767354596623,0.8428571428571429,0.8273255813953488,0.5805658056580566,236,1423,297,44,280,1720
SIMULATED,42,Emphysema,0.9257924171871125,0.8495,0.5166051660516605,0.877742946708464,0.8441403926234384,0.6504065040650406,280,1419,262,39,319,1681
SIMULATED,42,Fibrosis,0.9181158962640593,0.835,0.48073394495412847,0.8478964401294499,0.8326434062684802,0.6135831381733021,262,1408,283,47,309,1691
SIMULATED,42,Pleural Thickening,0.9282586378364506,0.8435,0.48015122873345933,0.8698630136986302,0.8389929742388759,0.6187576126674786,254,1433,275,38,292,1708
SIMULATED,42,Hernia,0.9358466716112002,0.86,0.5141700404858299,0.8639455782312925,0.8593200468933178,0.6446700507614214,254,1466,240,40,294,1706
SIMULATED,123,Atelectasis,0.9168114621816608,0.8295,0.4782608695652174,0.832807570977918,0.8288770053475936,0.6075949367088608,264,1395,288,53,317,1683
SIMULATED,123,Cardiomegaly,0.9286335729997702,0.8345,0.45640074211502785,0.8661971830985915,0.8292540792540792,0.5978128797083839,246,1423,293,38,284,1716
SIMULATED,123,Effusion,0.9177431181210461,0.8425,0.4875239923224568,0.8410596026490066,0.842756183745583,0.6172539489671932,254,1431,267,48,302,1698
SIMULATED,123,Infiltration,0.9257823529411765,0.837,0.4755639097744361,0.8433333333333334,0.8358823529411765,0.6081730769230769,253,1421,279,47,300,1700
SIMULATED,123,Mass,0.9250273601065855,0.844,0.48443579766536965,0.8412162162162162,0.8444835680751174,0.6148148148148148,249,1439,265,47,296,1704
SIMULATED,123,Nodule,0.9164834464519007,0.846,0.5087719298245614,0.8233438485804416,0.8502673796791443,0.6289156626506024,261,1431,252,56,317,1683
SIMULATED,123,Pneumonia,0.9324107445642316,0.8555,0.5089108910891089,0.8624161073825504,0.854289071680376,0.6400996264009963,257,1454,248,41,298,1702
SIMULATED,123,Pneumothorax,0.9168648434403488,0.8325,0.48473967684021546,0.8490566037735849,0.8293697978596909,0.6171428571428571,270,1395,287,48,318,1682
SIMULATED,123,Consolidation,0.9207263276550709,0.836,0.4827586206896552,0.86084142394822,0.8314606741573034,0.6186046511627907,266,1406,285,43,309,1691
SIMULATED,123,Edema,0.9253421588285332,0.843,0.4981684981684982,0.8717948717948718,0.8376777251184834,0.634032634032634,272,1414,274,40,312,1688
SIMULATED,123,Emphysema,0.9153657375488361,0.8345,0.45419103313840153,0.8204225352112676,0.8368298368298368,0.5846925972396487,233,1436,280,51,284,1716
SIMULATED,123,Fibrosis,0.9145379695423466,0.8355,0.4704761904761905,0.8288590604026845,0.836662749706228,0.6002430133657352,247,1424,278,51,298,1702
SIMULATED,123,Pleural Thickening,0.9074510990118976,0.8275,0.44801512287334594,0.8172413793103448,0.8292397660818713,0.5787545787545788,237,1418,292,53,290,1710
SIMULATED,123,Hernia,0.9320662060738605,0.847,0.4891518737672584,0.8406779661016949,0.8480938416422288,0.6184538653366584,248,1446,259,47,295,1705
SIMULATED,456,Atelectasis,0.9175187887904555,0.825,0.46332737030411447,0.8381877022653722,0.8225901833234772,0.5967741935483871,259,1391,300,50,309,1691
SIMULATED,456,Cardiomegaly,0.9136757073445415,0.8455,0.4723320158102767,0.8505338078291815,0.8446771378708552,0.6073697585768743,239,1452,267,42,281,1719
SIMULATED,456,Effusion,0.9369205857755476,0.86,0.5170340681362725,0.8686868686868687,0.8584850264239577,0.6482412060301508,258,1462,241,39,297,1703
SIMULATED,456,Infiltration,0.9098510875026188,0.83,0.450281425891182,0.8362369337979094,0.8289550496205488,0.5853658536585366,240,1420,293,47,287,1713
SIMULATED,456,Mass,0.9292554417809568,0.852,0.5201535508637236,0.8548895899053628,0.851455733808675,0.6467780429594272,271,1433,250,46,317,1683
SIMULATED,456,Nodule,0.9108861169929873,0.8405,0.47764227642276424,0.7912457912457912,0.8490898414562537,0.5956907477820025,235,1446,257,62,297,1703
SIMULATED,456,Pneumonia,0.9270256696428572,0.848,0.5150375939849624,0.85625,0.8464285714285714,0.6431924882629108,274,1422,258,46,320,1680
SIMULATED,456,Pneumothorax,0.9234781128080605,0.84,0.5018050541516246,0.8633540372670807,0.8355184743742551,0.634703196347032,278,1402,276,44,322,1678
SIMULATED,456,Consolidation,0.9174821175271907,0.8425,0.49806201550387597,0.8210862619808307,0.8464730290456431,0.6200241254523522,257,1428,259,56,313,1687
SIMULATED,456,Edema,0.920138499390513,0.841,0.5,0.839622641509434,0.8412604042806183,0.6267605633802817,267,1415,267,51,318,1682
SIMULATED,456,Emphysema,0.9327171307847636,0.85,0.49901768172888017,0.8494983277591973,0.8500881834215167,0.6287128712871287,254,1446,255,45,299,1701
SIMULATED,456,Fibrosis,0.9279208278691281,0.835,0.44886363636363635,0.8586956521739131,0.8312064965197216,0.5895522388059702,237,1433,291,39,276,1724
SIMULATED,456,Pleural Thickening,0.9179411171607179,0.839,0.46934865900383144,0.8448275862068966,0.8380116959064328,0.603448275862069,245,1433,277,45,290,1710
SIMULATED,456,Hernia,0.9105647402383308,0.839,0.49335863377609107,0.8253968253968254,0.8415430267062315,0.6175771971496437,260,1418,267,55,315,1685
