disease,auroc_vit_b16,auroc_thorprunevit,f1_vit_b16,f1_thorprunevit,auprc_vit_b16,auprc_thorprunevit
Atelectasis,0.842,0.838,0.372,0.368,0.418,0.413
Cardiomegaly,0.913,0.910,0.486,0.482,0.589,0.584
Consolidation,0.801,0.796,0.301,0.297,0.315,0.311
Edema,0.901,0.897,0.471,0.467,0.562,0.557
Effusion,0.861,0.857,0.394,0.390,0.448,0.444
Emphysema,0.874,0.870,0.421,0.417,0.483,0.478
Fibrosis,0.812,0.808,0.328,0.324,0.336,0.332
Hernia,0.742,0.736,0.191,0.183,0.148,0.142
Infiltration,0.821,0.817,0.339,0.335,0.372,0.368
Mass,0.846,0.842,0.361,0.357,0.401,0.397
Nodule,0.827,0.822,0.334,0.329,0.359,0.354
Pleural Thickening,0.836,0.831,0.341,0.336,0.381,0.376
Pneumonia,0.789,0.781,0.286,0.271,0.291,0.283
Pneumothorax,0.910,0.906,0.487,0.481,0.580,0.575
