disease,auroc_delta_thorprunevit_minus_vit_b16,f1_delta_thorprunevit_minus_vit_b16,auprc_delta_thorprunevit_minus_vit_b16
Atelectasis,-0.004,-0.003,-0.004
Cardiomegaly,-0.004,-0.004,-0.005
Consolidation,-0.005,-0.003,-0.004
Edema,-0.004,-0.004,-0.005
Effusion,-0.004,-0.003,-0.004
Emphysema,-0.004,-0.004,-0.005
Fibrosis,-0.004,-0.003,-0.004
Hernia,-0.006,-0.008,-0.006
Infiltration,-0.004,-0.003,-0.004
Mass,-0.004,-0.003,-0.004
Nodule,-0.005,-0.003,-0.004
Pleural Thickening,-0.005,-0.003,-0.004
Pneumonia,-0.008,-0.019,-0.008
Pneumothorax,-0.004,-0.005,-0.004
